{
  "affine": [
    4.807709615598776e-07,
    0.0,
    55.44898648075741,
    0.0,
    -4.4920053604472367e-07,
    -20.879162517987382
  ],
  "crs_epsg": 4326,
  "bounds_wgs84_west": 55.44898648075741,
  "bounds_wgs84_south": -20.879291438541227,
  "bounds_wgs84_east": 55.44917350066146,
  "bounds_wgs84_north": -20.879162517987382,
  "image_height": 287,
  "image_width": 389,
  "gsd_m": 0.05000500366367536
}