{
  "affine": [
    4.807709616383729e-07,
    0.0,
    55.44906837719978,
    0.0,
    -4.4920037484949777e-07,
    -20.879212357780453
  ],
  "crs_epsg": 4326,
  "bounds_wgs84_west": 55.44906837719978,
  "bounds_wgs84_south": -20.879349363894782,
  "bounds_wgs84_east": 55.44939818607946,
  "bounds_wgs84_north": -20.879212357780453,
  "image_height": 305,
  "image_width": 686,
  "gsd_m": 0.050004985726621695
}