{
  "affine": [
    6.213257131566591e-07,
    0.0,
    5.218197260911182,
    0.0,
    -4.513112026426388e-07,
    43.4173801847012
  ],
  "crs_epsg": 4326,
  "bounds_wgs84_west": 5.218197260911182,
  "bounds_wgs84_south": 43.4170556919465,
  "bounds_wgs84_east": 5.218988829869744,
  "bounds_wgs84_north": 43.4173801847012,
  "image_height": 719,
  "image_width": 1274,
  "gsd_m": 0.050239896518261606
}