{
  "affine": [
    6.752163134699077e-07,
    0.0,
    -4.102717291622071,
    0.0,
    -4.5181554064272256e-07,
    47.999361737798466
  ],
  "crs_epsg": 4326,
  "bounds_wgs84_west": -4.102717291622071,
  "bounds_wgs84_south": 47.99889365689836,
  "bounds_wgs84_east": -4.102120400400963,
  "bounds_wgs84_north": 47.999361737798466,
  "image_height": 1036,
  "image_width": 884,
  "gsd_m": 0.050296105983545544
}