{
  "affine": [
    6.752163134070667e-07,
    0.0,
    3.2798235523118535,
    0.0,
    -4.500763142178954e-07,
    48.197448361650096
  ],
  "crs_epsg": 4326,
  "bounds_wgs84_west": 3.2798235523118535,
  "bounds_wgs84_south": 48.19737995005033,
  "bounds_wgs84_east": 3.280061228454173,
  "bounds_wgs84_north": 48.197448361650096,
  "image_height": 152,
  "image_width": 352,
  "gsd_m": 0.05010247856934705
}