{
  "affine": [
    6.75216313454167e-07,
    0.0,
    -4.1023358768179605,
    0.0,
    -4.518145921733343e-07,
    47.999345113368115
  ],
  "crs_epsg": 4326,
  "bounds_wgs84_west": -4.1023358768179605,
  "bounds_wgs84_south": 47.999126886920095,
  "bounds_wgs84_east": -4.102076593753594,
  "bounds_wgs84_north": 47.999345113368115,
  "image_height": 483,
  "image_width": 384,
  "gsd_m": 0.05029600039900042
}