{
  "affine": [
    4.807709616399663e-07,
    0.0,
    55.44885875286917,
    0.0,
    -4.4920047845237193e-07,
    -20.8790714728436
  ],
  "crs_epsg": 4326,
  "bounds_wgs84_west": 55.44885875286917,
  "bounds_wgs84_south": -20.879420950815835,
  "bounds_wgs84_east": 55.44933375457927,
  "bounds_wgs84_north": -20.8790714728436,
  "image_height": 778,
  "image_width": 988,
  "gsd_m": 0.050004997260720045
}