{
  "affine": [
    4.807709616380003e-07,
    0.0,
    55.44891066033114,
    0.0,
    -4.492004138879347e-07,
    -20.879148090207394
  ],
  "crs_epsg": 4326,
  "bounds_wgs84_west": 55.44891066033114,
  "bounds_wgs84_south": -20.879387514027997,
  "bounds_wgs84_east": 55.44944527764048,
  "bounds_wgs84_north": -20.879148090207394,
  "image_height": 533,
  "image_width": 1112,
  "gsd_m": 0.05000499007316411
}