{
  "affine": [
    6.752163134909474e-07,
    0.0,
    -4.104747124897642,
    0.0,
    -4.5186186000897034e-07,
    47.99402598638045
  ],
  "crs_epsg": 4326,
  "bounds_wgs84_west": -4.104747124897642,
  "bounds_wgs84_south": 47.993846597222024,
  "bounds_wgs84_east": -4.104423021067166,
  "bounds_wgs84_north": 47.99402598638045,
  "image_height": 397,
  "image_width": 480,
  "gsd_m": 0.05030117085513143
}