{
  "affine": [
    4.8077096163084e-07,
    0.0,
    55.44891503726123,
    0.0,
    -4.492003941572121e-07,
    -20.879135603517614
  ],
  "crs_epsg": 4326,
  "bounds_wgs84_west": 55.44891503726123,
  "bounds_wgs84_south": -20.879413209361203,
  "bounds_wgs84_east": 55.44943330835787,
  "bounds_wgs84_north": -20.879135603517614,
  "image_height": 618,
  "image_width": 1078,
  "gsd_m": 0.05000498787525553
}