{
  "affine": [
    6.752163134886722e-07,
    0.0,
    -4.1027270726412155,
    0.0,
    -4.51815718950666e-07,
    47.99935628778213
  ],
  "crs_epsg": 4326,
  "bounds_wgs84_west": -4.1027270726412155,
  "bounds_wgs84_south": 47.998858386859844,
  "bounds_wgs84_east": -4.1021578652889445,
  "bounds_wgs84_north": 47.99935628778213,
  "image_height": 1102,
  "image_width": 843,
  "gsd_m": 0.05029612583334546
}