{
  "affine": [
    4.807709616542248e-07,
    0.0,
    55.44906329653725,
    0.0,
    -4.4920038073911325e-07,
    -20.879217572462203
  ],
  "crs_epsg": 4326,
  "bounds_wgs84_west": 55.44906329653725,
  "bounds_wgs84_south": -20.879340204166144,
  "bounds_wgs84_east": 55.44939502850079,
  "bounds_wgs84_north": -20.879217572462203,
  "image_height": 273,
  "image_width": 690,
  "gsd_m": 0.05000498638359884
}