{
  "affine": [
    6.213257131950761e-07,
    0.0,
    5.208562553078298,
    0.0,
    -4.513504157643844e-07,
    43.41201019417206
  ],
  "crs_epsg": 4326,
  "bounds_wgs84_west": 5.208562553078298,
  "bounds_wgs84_south": 43.41190051602103,
  "bounds_wgs84_east": 5.208903660894842,
  "bounds_wgs84_north": 43.41201019417206,
  "image_height": 243,
  "image_width": 549,
  "gsd_m": 0.050244306753050624
}