{
  "affine": [
    4.807709616515956e-07,
    0.0,
    55.44899263043675,
    0.0,
    -4.492005620665429e-07,
    -20.879161646789605
  ],
  "crs_epsg": 4326,
  "bounds_wgs84_west": 55.44899263043675,
  "bounds_wgs84_south": -20.879274845331246,
  "bounds_wgs84_east": 55.44915080408313,
  "bounds_wgs84_north": -20.879161646789605,
  "image_height": 252,
  "image_width": 329,
  "gsd_m": 0.05000501599152529
}