{
  "affine": [
    6.752163134694718e-07,
    0.0,
    -4.102743034891461,
    0.0,
    -4.518157026450474e-07,
    47.99936515208983
  ],
  "crs_epsg": 4326,
  "bounds_wgs84_west": -4.102743034891461,
  "bounds_wgs84_south": 47.99885324489873,
  "bounds_wgs84_east": -4.10214546845404,
  "bounds_wgs84_north": 47.99936515208983,
  "image_height": 1133,
  "image_width": 885,
  "gsd_m": 0.050296124017812346
}