{
  "affine": [
    6.213257131950761e-07,
    0.0,
    5.2083593795700835,
    0.0,
    -4.5135230314378767e-07,
    43.411992545896716
  ],
  "crs_epsg": 4326,
  "bounds_wgs84_west": 5.2083593795700835,
  "bounds_wgs84_south": 43.41141752306251,
  "bounds_wgs84_east": 5.209109941031623,
  "bounds_wgs84_north": 43.411992545896716,
  "image_height": 1274,
  "image_width": 1208,
  "gsd_m": 0.05024441912525093
}