{
  "affine": [
    6.213257131440126e-07,
    0.0,
    5.218864825896077,
    0.0,
    -4.513112026426388e-07,
    43.4173801847012
  ],
  "crs_epsg": 4326,
  "bounds_wgs84_west": 5.218864825896077,
  "bounds_wgs84_south": 43.417208235132996,
  "bounds_wgs84_east": 5.219054330238586,
  "bounds_wgs84_north": 43.4173801847012,
  "image_height": 381,
  "image_width": 305,
  "gsd_m": 0.050239896517750314
}