{
  "affine": [
    6.752163134859708e-07,
    0.0,
    -4.105427656625693,
    0.0,
    -4.518617010705427e-07,
    47.994010923376834
  ],
  "crs_epsg": 4326,
  "bounds_wgs84_west": -4.105427656625693,
  "bounds_wgs84_south": 47.99367564199464,
  "bounds_wgs84_east": -4.1045681062586254,
  "bounds_wgs84_north": 47.994010923376834,
  "image_height": 742,
  "image_width": 1273,
  "gsd_m": 0.05030116935032036
}