{
  "affine": [
    6.213257131585182e-07,
    0.0,
    5.209510922123386,
    0.0,
    -4.513514112828669e-07,
    43.411886090532555
  ],
  "crs_epsg": 4326,
  "bounds_wgs84_west": 5.209510922123386,
  "bounds_wgs84_south": 43.411759712137396,
  "bounds_wgs84_east": 5.209882474899855,
  "bounds_wgs84_north": 43.411886090532555,
  "image_height": 280,
  "image_width": 598,
  "gsd_m": 0.050244413641382164
}