{
  "affine": [
    6.752163134492539e-07,
    0.0,
    -4.10473256633216,
    0.0,
    -4.5186178122188163e-07,
    47.99402368471305
  ],
  "crs_epsg": 4326,
  "bounds_wgs84_west": -4.10473256633216,
  "bounds_wgs84_south": 47.99386237005715,
  "bounds_wgs84_east": -4.104423317260601,
  "bounds_wgs84_north": 47.99402368471305,
  "image_height": 357,
  "image_width": 458,
  "gsd_m": 0.05030116759014926
}