{
  "affine": [
    6.752163135088737e-07,
    0.0,
    3.2795422882664695,
    0.0,
    -4.5007554891340895e-07,
    48.197558878234105
  ],
  "crs_epsg": 4326,
  "bounds_wgs84_west": 3.2795422882664695,
  "bounds_wgs84_south": 48.19744365889358,
  "bounds_wgs84_east": 3.280039247473212,
  "bounds_wgs84_north": 48.197558878234105,
  "image_height": 256,
  "image_width": 736,
  "gsd_m": 0.05010241010649609
}