{
  "affine": [
    6.752163134636442e-07,
    0.0,
    -4.105457329291397,
    0.0,
    -4.5186178122188163e-07,
    47.99399657300618
  ],
  "crs_epsg": 4326,
  "bounds_wgs84_west": -4.105457329291397,
  "bounds_wgs84_south": 47.99366716576767,
  "bounds_wgs84_east": -4.104597778924358,
  "bounds_wgs84_north": 47.99399657300618,
  "image_height": 729,
  "image_width": 1273,
  "gsd_m": 0.05030118080525204
}