{
  "affine": [
    6.752163135156587e-07,
    0.0,
    -4.104723103410947,
    0.0,
    -4.5186172754339884e-07,
    47.99403659319752
  ],
  "crs_epsg": 4326,
  "bounds_wgs84_west": -4.104723103410947,
  "bounds_wgs84_south": 47.99387030808178,
  "bounds_wgs84_east": -4.104417230420925,
  "bounds_wgs84_north": 47.99403659319752,
  "image_height": 368,
  "image_width": 453,
  "gsd_m": 0.05030115831312829
}