{
  "affine": [
    6.213257131566591e-07,
    0.0,
    5.218279165047592,
    0.0,
    -4.5130892899119754e-07,
    43.417592494495395
  ],
  "crs_epsg": 4326,
  "bounds_wgs84_west": 5.218279165047592,
  "bounds_wgs84_south": 43.41744988087383,
  "bounds_wgs84_east": 5.218860725915107,
  "bounds_wgs84_north": 43.417592494495395,
  "image_height": 316,
  "image_width": 936,
  "gsd_m": 0.05023968188990648
}