{
  "affine": [
    6.213257131585182e-07,
    0.0,
    5.2092120644553574,
    0.0,
    -4.5135336769185367e-07,
    43.411849702734735
  ],
  "crs_epsg": 4326,
  "bounds_wgs84_west": 5.2092120644553574,
  "bounds_wgs84_south": 43.411274678544295,
  "bounds_wgs84_east": 5.209982508339674,
  "bounds_wgs84_north": 43.411849702734735,
  "image_height": 1274,
  "image_width": 1240,
  "gsd_m": 0.050244537629053745
}