{
  "affine": [
    6.846419819776901e-07,
    0.0,
    2.351351113827633,
    0.0,
    -4.497789623441734e-07,
    48.932092223179005
  ],
  "crs_epsg": 4326,
  "bounds_wgs84_west": 2.351351113827633,
  "bounds_wgs84_south": 48.93179986685348,
  "bounds_wgs84_east": 2.3517961311159183,
  "bounds_wgs84_north": 48.932092223179005,
  "image_height": 650,
  "image_width": 650,
  "gsd_m": 0.05006939408894408
}