{
  "affine": [
    6.752163134332538e-07,
    0.0,
    3.2803451049462353,
    0.0,
    -4.500749938296522e-07,
    48.19761756572581
  ],
  "crs_epsg": 4326,
  "bounds_wgs84_west": 3.2803451049462353,
  "bounds_wgs84_south": 48.19751134802726,
  "bounds_wgs84_east": 3.2806199179858027,
  "bounds_wgs84_north": 48.19761756572581,
  "image_height": 236,
  "image_width": 407,
  "gsd_m": 0.05010232234212981
}