{
  "affine": [
    6.752163134636442e-07,
    0.0,
    -4.105471946705336,
    0.0,
    -4.5186186000897034e-07,
    47.993993904188386
  ],
  "crs_epsg": 4326,
  "bounds_wgs84_west": -4.105471946705336,
  "bounds_wgs84_south": 47.99364732614176,
  "bounds_wgs84_east": -4.104612396338297,
  "bounds_wgs84_north": 47.993993904188386,
  "image_height": 767,
  "image_width": 1273,
  "gsd_m": 0.05030118649135447
}