{
  "affine": [
    6.213257131819427e-07,
    0.0,
    5.209198981480995,
    0.0,
    -4.513509213486963e-07,
    43.41202291853127
  ],
  "crs_epsg": 4326,
  "bounds_wgs84_west": 5.209198981480995,
  "bounds_wgs84_south": 43.41175797554044,
  "bounds_wgs84_east": 5.209720895080068,
  "bounds_wgs84_north": 43.41202291853127,
  "image_height": 587,
  "image_width": 840,
  "gsd_m": 0.05024438456542044
}