{
  "affine": [
    6.846419819850752e-07,
    0.0,
    2.351143483796136,
    0.0,
    -4.497799005741299e-07,
    48.93202630982399
  ],
  "crs_epsg": 4326,
  "bounds_wgs84_west": 2.351143483796136,
  "bounds_wgs84_south": 48.93165749030552,
  "bounds_wgs84_east": 2.3517069441473097,
  "bounds_wgs84_north": 48.93202630982399,
  "image_height": 820,
  "image_width": 823,
  "gsd_m": 0.05006949853295614
}