{
  "affine": [
    6.7521631350471e-07,
    0.0,
    -4.102755709364402,
    0.0,
    -4.5181556557802543e-07,
    47.99938057828698
  ],
  "crs_epsg": 4326,
  "bounds_wgs84_west": -4.102755709364402,
  "bounds_wgs84_south": 47.99886912306675,
  "bounds_wgs84_east": -4.102116954731827,
  "bounds_wgs84_north": 47.99938057828698,
  "image_height": 1132,
  "image_width": 946,
  "gsd_m": 0.0502961087603035
}