{
  "affine": [
    4.807709615657406e-07,
    0.0,
    55.448998837908476,
    0.0,
    -4.4920053174357655e-07,
    -20.879170887742948
  ],
  "crs_epsg": 4326,
  "bounds_wgs84_west": 55.448998837908476,
  "bounds_wgs84_south": -20.879285883079074,
  "bounds_wgs84_east": 55.449154607700024,
  "bounds_wgs84_north": -20.879170887742948,
  "image_height": 256,
  "image_width": 324,
  "gsd_m": 0.050005003190352934
}