{
  "affine": [
    6.752163134859708e-07,
    0.0,
    -4.105448185657508,
    0.0,
    -4.5186172754339884e-07,
    47.994004962876595
  ],
  "crs_epsg": 4326,
  "bounds_wgs84_west": -4.105448185657508,
  "bounds_wgs84_south": 47.993666518442666,
  "bounds_wgs84_east": -4.10458863529044,
  "bounds_wgs84_north": 47.994004962876595,
  "image_height": 749,
  "image_width": 1273,
  "gsd_m": 0.050301173729017795
}