{
  "affine": [
    4.807709616410841e-07,
    0.0,
    55.448973885616226,
    0.0,
    -4.4920041834877826e-07,
    -20.87915828224225
  ],
  "crs_epsg": 4326,
  "bounds_wgs84_west": 55.448973885616226,
  "bounds_wgs84_south": -20.879374347643477,
  "bounds_wgs84_east": 55.44944407961671,
  "bounds_wgs84_north": -20.87915828224225,
  "image_height": 481,
  "image_width": 978,
  "gsd_m": 0.05000499056916395
}