{
  "affine": [
    6.752163135393603e-07,
    0.0,
    -4.10470267258458,
    0.0,
    -4.518617010705427e-07,
    47.99403396832359
  ],
  "crs_epsg": 4326,
  "bounds_wgs84_west": -4.10470267258458,
  "bounds_wgs84_south": 47.99386271273889,
  "bounds_wgs84_east": -4.104413004786071,
  "bounds_wgs84_north": 47.99403396832359,
  "image_height": 379,
  "image_width": 429,
  "gsd_m": 0.05030115811992708
}