{
  "affine": [
    6.213257131803598e-07,
    0.0,
    5.218736934467131,
    0.0,
    -4.5130892899119754e-07,
    43.4175956536579
  ],
  "crs_epsg": 4326,
  "bounds_wgs84_west": 5.218736934467131,
  "bounds_wgs84_south": 43.41744988087383,
  "bounds_wgs84_east": 5.2189475638839,
  "bounds_wgs84_north": 43.4175956536579,
  "image_height": 323,
  "image_width": 339,
  "gsd_m": 0.05023968058028057
}