{
  "affine": [
    6.213257131566591e-07,
    0.0,
    5.218069156956545,
    0.0,
    -4.513109590881013e-07,
    43.417539906106505
  ],
  "crs_epsg": 4326,
  "bounds_wgs84_west": 5.218069156956545,
  "bounds_wgs84_south": 43.41696493594463,
  "bounds_wgs84_east": 5.218860725915107,
  "bounds_wgs84_north": 43.417539906106505,
  "image_height": 1274,
  "image_width": 1274,
  "gsd_m": 0.050239935964446564
}