{
  "affine": [
    6.213257131803598e-07,
    0.0,
    5.218736934467131,
    0.0,
    -4.513109590881013e-07,
    43.417539906106505
  ],
  "crs_epsg": 4326,
  "bounds_wgs84_west": 5.218736934467131,
  "bounds_wgs84_south": 43.41707144533097,
  "bounds_wgs84_east": 5.219369444043148,
  "bounds_wgs84_north": 43.417539906106505,
  "image_height": 1038,
  "image_width": 1018,
  "gsd_m": 0.050239816702432605
}