{
  "affine": [
    4.807709616722019e-07,
    0.0,
    55.449055404025586,
    0.0,
    -4.4920037277789753e-07,
    -20.879205419755838
  ],
  "crs_epsg": 4326,
  "bounds_wgs84_west": 55.449055404025586,
  "bounds_wgs84_south": -20.87935769868221,
  "bounds_wgs84_east": 55.44942223226934,
  "bounds_wgs84_north": -20.879205419755838,
  "image_height": 339,
  "image_width": 763,
  "gsd_m": 0.050004985496826054
}