{
  "affine": [
    6.213257131483966e-07,
    0.0,
    5.218146923668286,
    0.0,
    -4.5131052022354863e-07,
    43.41741533132599
  ],
  "crs_epsg": 4326,
  "bounds_wgs84_west": 5.218146923668286,
  "bounds_wgs84_south": 43.41720727717617,
  "bounds_wgs84_east": 5.218583094318916,
  "bounds_wgs84_north": 43.41741533132599,
  "image_height": 461,
  "image_width": 702,
  "gsd_m": 0.05023988710948872
}