{
  "affine": [
    6.213257131987878e-07,
    0.0,
    5.208722702060385,
    0.0,
    -4.513702711718764e-07,
    43.40945985561566
  ],
  "crs_epsg": 4326,
  "bounds_wgs84_west": 5.208722702060385,
  "bounds_wgs84_south": 43.40912809846635,
  "bounds_wgs84_east": 5.209012239842735,
  "bounds_wgs84_north": 43.40945985561566,
  "image_height": 735,
  "image_width": 466,
  "gsd_m": 0.050246538588241095
}